,atom_name,molecule_name,atom_kind,element,count
0,1HD1,ILE,P,H,300126
1,1HD1,ILE,P,,1768
2,1HD1,LEU,P,H,478991
3,1HD1,LEU,P,,2909
4,1HD2,ASN,P,H,368005
5,1HD2,ASN,P,,1342
6,1HD2,LEU,P,H,478992
7,1HD2,LEU,P,,2909
8,1HE2,GLN,P,H,333540
9,1HE2,GLN,P,,1226
10,1HG1,ILE,P,H,300280
11,1HG1,ILE,P,,1768
12,1HG1,VAL,P,H,358592
13,1HG1,VAL,P,,2278
14,1HG2,ILE,P,H,300274
15,1HG2,ILE,P,,1768
16,1HG2,THR,P,H,282102
17,1HG2,THR,P,,2224
18,1HG2,TPO,H,H,174
19,1HG2,TPO,H,,2
20,1HG2,VAL,P,H,358589
21,1HG2,VAL,P,,2278
22,1HH1,ARG,P,H,423935
23,1HH1,ARG,P,,1607
24,1HH1,MLY,H,H,28
25,1HH2,ARG,P,H,423935
26,1HH2,ARG,P,,1606
27,1HH2,MLY,H,H,28
28,2HD1,ILE,P,H,300126
29,2HD1,ILE,P,,1768
30,2HD1,LEU,P,H,478991
31,2HD1,LEU,P,,2909
32,2HD2,ASN,P,H,368005
33,2HD2,ASN,P,,1342
34,2HD2,LEU,P,H,478992
35,2HD2,LEU,P,,2909
36,2HE2,GLN,P,H,333540
37,2HE2,GLN,P,,1226
38,2HG1,ILE,P,H,300280
39,2HG1,ILE,P,,1768
40,2HG1,VAL,P,H,358592
41,2HG1,VAL,P,,2278
42,2HG2,ILE,P,H,300274
43,2HG2,ILE,P,,1768
44,2HG2,THR,P,H,282102
45,2HG2,THR,P,,2224
46,2HG2,TPO,H,H,174
47,2HG2,TPO,H,,2
48,2HG2,VAL,P,H,358589
49,2HG2,VAL,P,,2278
50,2HH1,ARG,P,H,423935
51,2HH1,ARG,P,,1607
52,2HH1,MLY,H,H,28
53,2HH2,ARG,P,H,423935
54,2HH2,ARG,P,,1606
55,2HH2,MLY,H,H,28
56,3HD1,ILE,P,H,300126
57,3HD1,ILE,P,,1768
58,3HD1,LEU,P,H,478991
59,3HD1,LEU,P,,2909
60,3HD2,LEU,P,H,478992
61,3HD2,LEU,P,,2909
62,3HG1,VAL,P,H,358592
63,3HG1,VAL,P,,2278
64,3HG2,ILE,P,H,300274
65,3HG2,ILE,P,,1768
66,3HG2,THR,P,H,282102
67,3HG2,THR,P,,2224
68,3HG2,TPO,H,H,174
69,3HG2,TPO,H,,2
70,3HG2,VAL,P,H,358589
71,3HG2,VAL,P,,2278
72,3HH1,MLY,H,H,28
73,3HH2,MLY,H,H,28
74,AU,AU,H,Au,6
75,BA,BA,H,Ba,1
76,C,ACE,H,C,66
77,C,ACE,H,,1
78,C,ALA,P,C,634007
79,C,ALA,P,,2394
80,C,ARG,P,C,435482
81,C,ARG,P,,1649
82,C,ASN,P,C,370884
83,C,ASN,P,,1362
84,C,ASP,P,C,493908
85,C,ASP,P,,2116
86,C,CSD,H,C,54
87,C,CSO,H,C,220
88,C,CYS,P,C,142274
89,C,CYS,P,,542
90,C,GLN,P,C,340340
91,C,GLN,P,,1248
92,C,GLU,P,C,563458
93,C,GLU,P,,2118
94,C,GLY,P,C,618040
95,C,GLY,P,,2809
96,C,HIS,P,C,220511
97,C,HIS,P,,790
98,C,ILE,P,C,514040
99,C,ILE,P,,1791
100,C,KCX,H,C,124
101,C,LEU,P,C,834866
102,C,LEU,P,,2943
103,C,LLP,H,C,174
104,C,LYS,P,C,509980
105,C,LYS,P,,2024
106,C,MET,P,C,202608
107,C,MET,P,,817
108,C,MLY,H,C,66
109,C,MSE,H,C,1475
110,C,PCA,H,C,48
111,C,PCA,H,,1
112,C,PHE,P,C,365535
113,C,PHE,P,,1489
114,C,PRO,P,C,414079
115,C,PRO,P,,1636
116,C,PTR,H,C,314
117,C,SEP,H,C,336
118,C,SER,P,C,542932
119,C,SER,P,,2519
120,C,STA,H,,1
121,C,THR,P,C,477457
122,C,THR,P,,2250
123,C,TPO,H,C,368
124,C,TPO,H,,2
125,C,TRP,P,C,141028
126,C,TRP,P,,643
127,C,TYR,P,C,334665
128,C,TYR,P,,1425
129,C,VAL,P,C,616441
130,C,VAL,P,,2312
131,C2,LLP,H,C,174
132,C2',LLP,H,C,174
133,C3,LLP,H,C,174
134,C4,LLP,H,C,174
135,C4',LLP,H,C,174
136,C5,LLP,H,C,174
137,C5',LLP,H,C,174
138,C6,LLP,H,C,174
139,CA,ACE,H,C,66
140,CA,ALA,P,C,634018
141,CA,ALA,P,,2394
142,CA,ARG,P,C,435460
143,CA,ARG,P,,1649
144,CA,ASN,P,C,370888
145,CA,ASN,P,,1362
146,CA,ASP,P,C,493911
147,CA,ASP,P,,2116
148,CA,CA,H,Ca,3446
149,CA,CA,H,,14
150,CA,CAF,H,Ca,63
151,CA,CAS,H,Ca,150
152,CA,CSD,H,C,54
153,CA,CSO,H,C,220
154,CA,CYS,P,C,142273
155,CA,CYS,P,,542
156,CA,GLN,P,C,340331
157,CA,GLN,P,,1248
158,CA,GLU,P,C,563457
159,CA,GLU,P,,2118
160,CA,GLY,P,C,618041
161,CA,GLY,P,,2809
162,CA,HIS,P,C,220506
163,CA,HIS,P,,790
164,CA,ILE,P,C,514043
165,CA,ILE,P,,1791
166,CA,KCX,H,C,124
167,CA,LEU,P,C,834860
168,CA,LEU,P,,2943
169,CA,LLP,H,C,174
170,CA,LYS,P,C,509976
171,CA,LYS,P,,2024
172,CA,MET,P,C,202602
173,CA,MET,P,,817
174,CA,MLY,H,C,66
175,CA,MSE,H,C,1475
176,CA,PCA,H,C,48
177,CA,PCA,H,,1
178,CA,PHE,P,C,365534
179,CA,PHE,P,,1489
180,CA,PRO,P,C,414067
181,CA,PRO,P,,1636
182,CA,PTR,H,C,314
183,CA,SEP,H,C,336
184,CA,SER,P,C,542914
185,CA,SER,P,,2519
186,CA,STA,H,,1
187,CA,THR,P,C,477450
188,CA,THR,P,,2250
189,CA,TPO,H,C,368
190,CA,TPO,H,,2
191,CA,TRP,P,C,141025
192,CA,TRP,P,,643
193,CA,TYR,P,C,334666
194,CA,TYR,P,,1425
195,CA,VAL,P,C,616444
196,CA,VAL,P,,2312
197,CB,ALA,P,C,633829
198,CB,ALA,P,,2394
199,CB,ARG,P,C,435292
200,CB,ARG,P,,1649
201,CB,ASN,P,C,370708
202,CB,ASN,P,,1362
203,CB,ASP,P,C,493675
204,CB,ASP,P,,2116
205,CB,CSD,H,C,54
206,CB,CSO,H,C,220
207,CB,CYS,P,C,142230
208,CB,CYS,P,,542
209,CB,GLN,P,C,340185
210,CB,GLN,P,,1248
211,CB,GLU,P,C,563075
212,CB,GLU,P,,2118
213,CB,HIS,P,C,220434
214,CB,HIS,P,,790
215,CB,ILE,P,C,513925
216,CB,ILE,P,,1791
217,CB,KCX,H,C,124
218,CB,LEU,P,C,834660
219,CB,LEU,P,,2943
220,CB,LLP,H,C,174
221,CB,LYS,P,C,509523
222,CB,LYS,P,,2024
223,CB,MET,P,C,202529
224,CB,MET,P,,817
225,CB,MLY,H,C,66
226,CB,MSE,H,C,1467
227,CB,PCA,H,C,48
228,CB,PCA,H,,1
229,CB,PHE,P,C,365461
230,CB,PHE,P,,1489
231,CB,PRO,P,C,414005
232,CB,PRO,P,,1636
233,CB,PTR,H,C,314
234,CB,SEP,H,C,336
235,CB,SER,P,C,542715
236,CB,SER,P,,2518
237,CB,STA,H,,1
238,CB,THR,P,C,477332
239,CB,THR,P,,2250
240,CB,TPO,H,C,368
241,CB,TPO,H,,2
242,CB,TRP,P,C,141020
243,CB,TRP,P,,643
244,CB,TYR,P,C,334611
245,CB,TYR,P,,1425
246,CB,VAL,P,C,616308
247,CB,VAL,P,,2312
248,CD,ARG,P,C,425680
249,CD,ARG,P,,1628
250,CD,CD,H,Cd,503
251,CD,CD,H,,5
252,CD,GLN,P,C,333740
253,CD,GLN,P,,1243
254,CD,GLU,P,C,547108
255,CD,GLU,P,,2084
256,CD,KCX,H,C,124
257,CD,LLP,H,C,174
258,CD,LYS,P,C,485332
259,CD,LYS,P,,1999
260,CD,MLY,H,C,66
261,CD,PCA,H,C,48
262,CD,PCA,H,,1
263,CD,PRO,P,C,413720
264,CD,PRO,P,,1634
265,CD1,ILE,P,C,511458
266,CD1,ILE,P,,1793
267,CD1,LEU,P,C,830716
268,CD1,LEU,P,,2938
269,CD1,PHE,P,C,364367
270,CD1,PHE,P,,1486
271,CD1,PTR,H,C,314
272,CD1,STA,H,,1
273,CD1,TRP,P,C,140780
274,CD1,TRP,P,,642
275,CD1,TYR,P,C,333662
276,CD1,TYR,P,,1425
277,CD2,HIS,P,C,219040
278,CD2,HIS,P,,789
279,CD2,LEU,P,C,830732
280,CD2,LEU,P,,2938
281,CD2,PHE,P,C,364367
282,CD2,PHE,P,,1486
283,CD2,PTR,H,C,314
284,CD2,STA,H,,1
285,CD2,TRP,P,C,140779
286,CD2,TRP,P,,642
287,CD2,TYR,P,C,333661
288,CD2,TYR,P,,1425
289,CE,KCX,H,C,124
290,CE,LLP,H,C,174
291,CE,LYS,P,C,481270
292,CE,LYS,P,,1999
293,CE,MET,P,C,201100
294,CE,MET,P,,813
295,CE,MLY,H,C,66
296,CE,MSE,H,C,1466
297,CE1,HIS,P,C,219040
298,CE1,HIS,P,,789
299,CE1,PHE,P,C,364361
300,CE1,PHE,P,,1486
301,CE1,PTR,H,C,314
302,CE1,TYR,P,C,333660
303,CE1,TYR,P,,1425
304,CE2,PHE,P,C,364360
305,CE2,PHE,P,,1486
306,CE2,PTR,H,C,314
307,CE2,TRP,P,C,140778
308,CE2,TRP,P,,642
309,CE2,TYR,P,C,333660
310,CE2,TYR,P,,1425
311,CE3,TRP,P,C,140776
312,CE3,TRP,P,,642
313,CG,ARG,P,C,426794
314,CG,ARG,P,,1635
315,CG,ASN,P,C,368159
316,CG,ASN,P,,1357
317,CG,ASP,P,C,489099
318,CG,ASP,P,,2112
319,CG,GLN,P,C,334589
320,CG,GLN,P,,1245
321,CG,GLU,P,C,549288
322,CG,GLU,P,,2093
323,CG,HIS,P,C,219093
324,CG,HIS,P,,789
325,CG,KCX,H,C,124
326,CG,LEU,P,C,831199
327,CG,LEU,P,,2938
328,CG,LLP,H,C,174
329,CG,LYS,P,C,489977
330,CG,LYS,P,,2000
331,CG,MET,P,C,201298
332,CG,MET,P,,813
333,CG,MLY,H,C,66
334,CG,MSE,H,C,1465
335,CG,PCA,H,C,48
336,CG,PCA,H,,1
337,CG,PHE,P,C,364401
338,CG,PHE,P,,1486
339,CG,PRO,P,C,413728
340,CG,PRO,P,,1634
341,CG,PTR,H,C,314
342,CG,STA,H,,1
343,CG,TRP,P,C,140784
344,CG,TRP,P,,642
345,CG,TYR,P,C,333703
346,CG,TYR,P,,1425
347,CG1,ILE,P,C,512101
348,CG1,ILE,P,,1791
349,CG1,VAL,P,C,614150
350,CG1,VAL,P,,2312
351,CG2,ILE,P,C,512034
352,CG2,ILE,P,,1791
353,CG2,THR,P,C,475659
354,CG2,THR,P,,2247
355,CG2,TPO,H,C,368
356,CG2,TPO,H,,2
357,CG2,VAL,P,C,614111
358,CG2,VAL,P,,2312
359,CH,STA,H,,1
360,CH1,MLY,H,C,66
361,CH2,MLY,H,C,66
362,CH2,TRP,P,C,140770
363,CH2,TRP,P,,642
364,CM,STA,H,,1
365,CO,CO,H,Co,208
366,CO,CO,H,,6
367,CS,CS,H,Cs,15
368,CU,CU,H,Cu,60
369,CU,CU1,H,Cu,1
370,CX,KCX,H,C,124
371,CZ,ARG,P,C,424100
372,CZ,ARG,P,,1625
373,CZ,PHE,P,C,364358
374,CZ,PHE,P,,1486
375,CZ,PTR,H,C,314
376,CZ,TYR,P,C,333658
377,CZ,TYR,P,,1425
378,CZ2,TRP,P,C,140774
379,CZ2,TRP,P,,642
380,CZ3,TRP,P,C,140774
381,CZ3,TRP,P,,642
382,FE,FE,H,Fe,195
383,FE,FE2,H,Fe,58
384,GA,GA,H,Ga,1
385,H,ALA,P,H,630448
386,H,ALA,P,,2354
387,H,ARG,P,H,433345
388,H,ARG,P,,1632
389,H,ASN,P,H,368852
390,H,ASN,P,,1344
391,H,ASP,P,H,490828
392,H,ASP,P,,2084
393,H,CSD,H,H,39
394,H,CSO,H,H,220
395,H,CYS,P,H,141549
396,H,CYS,P,,535
397,H,GLN,P,H,338093
398,H,GLN,P,,1216
399,H,GLU,P,H,559887
400,H,GLU,P,,2083
401,H,GLY,P,H,612804
402,H,GLY,P,,2767
403,H,HIS,P,H,219045
404,H,HIS,P,,781
405,H,ILE,P,H,512029
406,H,ILE,P,,1761
407,H,KCX,H,H,124
408,H,LEU,P,H,832488
409,H,LEU,P,,2908
410,H,LLP,H,H,174
411,H,LYS,P,H,507232
412,H,LYS,P,,1989
413,H,MET,P,H,198880
414,H,MET,P,,791
415,H,MLY,H,H,66
416,H,MSE,H,H,1431
417,H,PHE,P,H,364521
418,H,PHE,P,,1469
419,H,PTR,H,H,313
420,H,SEP,H,H,307
421,H,SER,P,H,537476
422,H,SER,P,,2463
423,H,THR,P,H,474556
424,H,THR,P,,2224
425,H,TPO,H,H,352
426,H,TPO,H,,2
427,H,TRP,P,H,140768
428,H,TRP,P,,635
429,H,TYR,P,H,333874
430,H,TYR,P,,1400
431,H,VAL,P,H,613903
432,H,VAL,P,,2270
433,H21,LLP,H,H,146
434,H22,LLP,H,H,146
435,H23,LLP,H,H,146
436,H41,LLP,H,H,146
437,H42,LLP,H,H,146
438,H51,LLP,H,H,146
439,H52,LLP,H,H,146
440,H6,LLP,H,H,146
441,HA,ALA,P,H,372566
442,HA,ALA,P,,2370
443,HA,ARG,P,H,253245
444,HA,ARG,P,,1632
445,HA,ASN,P,H,218699
446,HA,ASN,P,,1347
447,HA,ASP,P,H,289026
448,HA,ASP,P,,2095
449,HA,CSD,H,H,30
450,HA,CSO,H,H,96
451,HA,CYS,P,H,81979
452,HA,CYS,P,,536
453,HA,GLN,P,H,197881
454,HA,GLN,P,,1232
455,HA,GLU,P,H,325776
456,HA,GLU,P,,2096
457,HA,HIS,P,H,126637
458,HA,HIS,P,,783
459,HA,ILE,P,H,300924
460,HA,ILE,P,,1768
461,HA,KCX,H,H,63
462,HA,LEU,P,H,480428
463,HA,LEU,P,,2914
464,HA,LLP,H,H,146
465,HA,LYS,P,H,294249
466,HA,LYS,P,,2009
467,HA,MET,P,H,115808
468,HA,MET,P,,809
469,HA,MLY,H,H,28
470,HA,MSE,H,H,969
471,HA,PCA,H,H,27
472,HA,PCA,H,,1
473,HA,PHE,P,H,209008
474,HA,PHE,P,,1469
475,HA,PRO,P,H,241595
476,HA,PRO,P,,1617
477,HA,PTR,H,H,159
478,HA,SEP,H,H,174
479,HA,SER,P,H,313568
480,HA,SER,P,,2489
481,HA,THR,P,H,282779
482,HA,THR,P,,2227
483,HA,TPO,H,H,174
484,HA,TPO,H,,2
485,HA,TRP,P,H,83912
486,HA,TRP,P,,636
487,HA,TYR,P,H,196339
488,HA,TYR,P,,1406
489,HA,VAL,P,H,359334
490,HA,VAL,P,,2278
491,HA1,ACE,H,H,46
492,HA1,GLY,P,H,370279
493,HA1,GLY,P,,2775
494,HA2,ACE,H,H,46
495,HA2,GLY,P,H,370279
496,HA2,GLY,P,,2775
497,HA3,ACE,H,H,46
498,HB,ILE,P,H,300895
499,HB,ILE,P,,1768
500,HB,THR,P,H,282727
501,HB,THR,P,,2227
502,HB,TPO,H,H,174
503,HB,TPO,H,,2
504,HB,VAL,P,H,359298
505,HB,VAL,P,,2278
506,HB1,ALA,P,H,372483
507,HB1,ALA,P,,2370
508,HB1,ARG,P,H,253170
509,HB1,ARG,P,,1632
510,HB1,ASN,P,H,218606
511,HB1,ASN,P,,1347
512,HB1,ASP,P,H,288908
513,HB1,ASP,P,,2095
514,HB1,CSD,H,H,30
515,HB1,CSO,H,H,96
516,HB1,CYS,P,H,81972
517,HB1,CYS,P,,536
518,HB1,GLN,P,H,197817
519,HB1,GLN,P,,1232
520,HB1,GLU,P,H,325575
521,HB1,GLU,P,,2096
522,HB1,HIS,P,H,126607
523,HB1,HIS,P,,783
524,HB1,KCX,H,H,63
525,HB1,LEU,P,H,480383
526,HB1,LEU,P,,2914
527,HB1,LLP,H,H,146
528,HB1,LYS,P,H,293967
529,HB1,LYS,P,,2009
530,HB1,MET,P,H,115782
531,HB1,MET,P,,809
532,HB1,MLY,H,H,28
533,HB1,MSE,H,H,961
534,HB1,PCA,H,H,27
535,HB1,PCA,H,,1
536,HB1,PHE,P,H,208988
537,HB1,PHE,P,,1469
538,HB1,PRO,P,H,241568
539,HB1,PRO,P,,1617
540,HB1,PTR,H,H,159
541,HB1,SEP,H,H,174
542,HB1,SER,P,H,313485
543,HB1,SER,P,,2488
544,HB1,TRP,P,H,83910
545,HB1,TRP,P,,636
546,HB1,TYR,P,H,196319
547,HB1,TYR,P,,1406
548,HB2,ALA,P,H,372483
549,HB2,ALA,P,,2370
550,HB2,ARG,P,H,253170
551,HB2,ARG,P,,1632
552,HB2,ASN,P,H,218606
553,HB2,ASN,P,,1347
554,HB2,ASP,P,H,288908
555,HB2,ASP,P,,2095
556,HB2,CSD,H,H,30
557,HB2,CSO,H,H,96
558,HB2,CYS,P,H,81972
559,HB2,CYS,P,,536
560,HB2,GLN,P,H,197817
561,HB2,GLN,P,,1232
562,HB2,GLU,P,H,325575
563,HB2,GLU,P,,2096
564,HB2,HIS,P,H,126607
565,HB2,HIS,P,,783
566,HB2,KCX,H,H,63
567,HB2,LEU,P,H,480383
568,HB2,LEU,P,,2914
569,HB2,LLP,H,H,146
570,HB2,LYS,P,H,293967
571,HB2,LYS,P,,2009
572,HB2,MET,P,H,115782
573,HB2,MET,P,,809
574,HB2,MLY,H,H,28
575,HB2,MSE,H,H,961
576,HB2,PCA,H,H,27
577,HB2,PCA,H,,1
578,HB2,PHE,P,H,208988
579,HB2,PHE,P,,1469
580,HB2,PRO,P,H,241568
581,HB2,PRO,P,,1617
582,HB2,PTR,H,H,159
583,HB2,SEP,H,H,174
584,HB2,SER,P,H,313485
585,HB2,SER,P,,2488
586,HB2,TRP,P,H,83910
587,HB2,TRP,P,,636
588,HB2,TYR,P,H,196319
589,HB2,TYR,P,,1406
590,HB3,ALA,P,H,372483
591,HB3,ALA,P,,2370
592,HD,CSO,H,H,215
593,HD1,ARG,P,H,249457
594,HD1,ARG,P,,1611
595,HD1,KCX,H,H,63
596,HD1,LLP,H,H,146
597,HD1,LYS,P,H,284704
598,HD1,LYS,P,,1984
599,HD1,MLY,H,H,28
600,HD1,PHE,P,H,208627
601,HD1,PHE,P,,1466
602,HD1,PRO,P,H,241440
603,HD1,PRO,P,,1615
604,HD1,PTR,H,H,159
605,HD1,TRP,P,H,83848
606,HD1,TRP,P,,635
607,HD1,TYR,P,H,195949
608,HD1,TYR,P,,1406
609,HD2,ARG,P,H,249457
610,HD2,ARG,P,,1611
611,HD2,HIS,P,H,126105
612,HD2,HIS,P,,782
613,HD2,KCX,H,H,63
614,HD2,LLP,H,H,146
615,HD2,LYS,P,H,284704
616,HD2,LYS,P,,1984
617,HD2,MLY,H,H,28
618,HD2,PHE,P,H,208627
619,HD2,PHE,P,,1466
620,HD2,PRO,P,H,241440
621,HD2,PRO,P,,1615
622,HD2,PTR,H,H,159
623,HD2,TYR,P,H,195948
624,HD2,TYR,P,,1406
625,HE,ARG,P,H,424745
626,HE,ARG,P,,1609
627,HE1,HIS,P,H,126104
628,HE1,HIS,P,,782
629,HE1,KCX,H,H,63
630,HE1,LLP,H,H,146
631,HE1,LYS,P,H,283223
632,HE1,LYS,P,,1984
633,HE1,MET,P,H,115285
634,HE1,MET,P,,805
635,HE1,MLY,H,H,28
636,HE1,MSE,H,H,961
637,HE1,PHE,P,H,208625
638,HE1,PHE,P,,1466
639,HE1,PTR,H,H,159
640,HE1,TRP,P,H,140780
641,HE1,TRP,P,,635
642,HE1,TYR,P,H,195949
643,HE1,TYR,P,,1406
644,HE2,KCX,H,H,63
645,HE2,LLP,H,H,146
646,HE2,LYS,P,H,283223
647,HE2,LYS,P,,1984
648,HE2,MET,P,H,115285
649,HE2,MET,P,,805
650,HE2,MLY,H,H,28
651,HE2,MSE,H,H,961
652,HE2,PHE,P,H,208624
653,HE2,PHE,P,,1466
654,HE2,PTR,H,H,159
655,HE2,TYR,P,H,195948
656,HE2,TYR,P,,1406
657,HE3,MET,P,H,115285
658,HE3,MET,P,,805
659,HE3,MSE,H,H,961
660,HE3,TRP,P,H,83848
661,HE3,TRP,P,,635
662,HG,CYS,P,H,60360
663,HG,CYS,P,,302
664,HG,HG,H,Hg,85
665,HG,HG,H,,2
666,HG,LEU,P,H,479105
667,HG,LEU,P,,2909
668,HG,SER,P,H,539765
669,HG,SER,P,,2485
670,HG1,ARG,P,H,249916
671,HG1,ARG,P,,1618
672,HG1,GLN,P,H,195576
673,HG1,GLN,P,,1229
674,HG1,GLU,P,H,320392
675,HG1,GLU,P,,2071
676,HG1,KCX,H,H,63
677,HG1,LLP,H,H,146
678,HG1,LYS,P,H,286615
679,HG1,LYS,P,,1985
680,HG1,MET,P,H,115337
681,HG1,MET,P,,805
682,HG1,MLY,H,H,28
683,HG1,MSE,H,H,960
684,HG1,PCA,H,H,27
685,HG1,PCA,H,,1
686,HG1,PRO,P,H,241441
687,HG1,PRO,P,,1615
688,HG1,THR,P,H,475761
689,HG1,THR,P,,2224
690,HG2,ARG,P,H,249916
691,HG2,ARG,P,,1618
692,HG2,GLN,P,H,195576
693,HG2,GLN,P,,1229
694,HG2,GLU,P,H,320392
695,HG2,GLU,P,,2071
696,HG2,KCX,H,H,63
697,HG2,LLP,H,H,146
698,HG2,LYS,P,H,286615
699,HG2,LYS,P,,1985
700,HG2,MET,P,H,115337
701,HG2,MET,P,,805
702,HG2,MLY,H,H,28
703,HG2,MSE,H,H,960
704,HG2,PCA,H,H,27
705,HG2,PCA,H,,1
706,HG2,PRO,P,H,241441
707,HG2,PRO,P,,1615
708,HH,TYR,P,H,333624
709,HH,TYR,P,,1406
710,HH2,TRP,P,H,83844
711,HH2,TRP,P,,635
712,HN1,ALA,P,H,3660
713,HN1,ALA,P,,16
714,HN1,ARG,P,H,2207
715,HN1,ASN,P,H,2051
716,HN1,ASN,P,,5
717,HN1,ASP,P,H,3123
718,HN1,ASP,P,,12
719,HN1,CYS,P,H,732
720,HN1,CYS,P,,1
721,HN1,GLN,P,H,2283
722,HN1,GLN,P,,16
723,HN1,GLU,P,H,3655
724,HN1,GLU,P,,13
725,HN1,GLY,P,H,5301
726,HN1,GLY,P,,8
727,HN1,HIS,P,H,1491
728,HN1,HIS,P,,2
729,HN1,ILE,P,H,2048
730,HN1,ILE,P,,7
731,HN1,LEU,P,H,2407
732,HN1,LEU,P,,6
733,HN1,LYS,P,H,2841
734,HN1,LYS,P,,26
735,HN1,MET,P,H,3728
736,HN1,MET,P,,18
737,HN1,MSE,H,H,44
738,HN1,PHE,P,H,1013
739,HN1,PRO,P,H,2114
740,HN1,PTR,H,H,1
741,HN1,SEP,H,H,29
742,HN1,SER,P,H,5470
743,HN1,SER,P,,27
744,HN1,THR,P,H,2926
745,HN1,THR,P,,3
746,HN1,TPO,H,H,16
747,HN1,TRP,P,H,270
748,HN1,TRP,P,,1
749,HN1,TYR,P,H,804
750,HN1,TYR,P,,6
751,HN1,VAL,P,H,2544
752,HN1,VAL,P,,8
753,HN2,ALA,P,H,3660
754,HN2,ALA,P,,16
755,HN2,ARG,P,H,2207
756,HN2,ASN,P,H,2051
757,HN2,ASN,P,,5
758,HN2,ASP,P,H,3123
759,HN2,ASP,P,,12
760,HN2,CYS,P,H,732
761,HN2,CYS,P,,1
762,HN2,GLN,P,H,2283
763,HN2,GLN,P,,16
764,HN2,GLU,P,H,3655
765,HN2,GLU,P,,13
766,HN2,GLY,P,H,5301
767,HN2,GLY,P,,8
768,HN2,HIS,P,H,1491
769,HN2,HIS,P,,2
770,HN2,ILE,P,H,2048
771,HN2,ILE,P,,7
772,HN2,LEU,P,H,2407
773,HN2,LEU,P,,6
774,HN2,LYS,P,H,2841
775,HN2,LYS,P,,26
776,HN2,MET,P,H,3728
777,HN2,MET,P,,18
778,HN2,MSE,H,H,44
779,HN2,PHE,P,H,1013
780,HN2,PRO,P,H,2114
781,HN2,PTR,H,H,1
782,HN2,SEP,H,H,29
783,HN2,SER,P,H,5470
784,HN2,SER,P,,27
785,HN2,THR,P,H,2926
786,HN2,THR,P,,3
787,HN2,TPO,H,H,16
788,HN2,TRP,P,H,270
789,HN2,TRP,P,,1
790,HN2,TYR,P,H,804
791,HN2,TYR,P,,6
792,HN2,VAL,P,H,2544
793,HN2,VAL,P,,8
794,HN3,ALA,P,H,3660
795,HN3,ALA,P,,16
796,HN3,ARG,P,H,2207
797,HN3,ASN,P,H,2051
798,HN3,ASN,P,,5
799,HN3,ASP,P,H,3123
800,HN3,ASP,P,,12
801,HN3,CYS,P,H,732
802,HN3,CYS,P,,1
803,HN3,GLN,P,H,2283
804,HN3,GLN,P,,16
805,HN3,GLU,P,H,3655
806,HN3,GLU,P,,13
807,HN3,GLY,P,H,5301
808,HN3,GLY,P,,8
809,HN3,HIS,P,H,1491
810,HN3,HIS,P,,2
811,HN3,ILE,P,H,2048
812,HN3,ILE,P,,7
813,HN3,LEU,P,H,2407
814,HN3,LEU,P,,6
815,HN3,LYS,P,H,2841
816,HN3,LYS,P,,26
817,HN3,MET,P,H,3728
818,HN3,MET,P,,18
819,HN3,MSE,H,H,44
820,HN3,PHE,P,H,1013
821,HN3,PRO,P,H,100
822,HN3,PTR,H,H,1
823,HN3,SEP,H,H,29
824,HN3,SER,P,H,5470
825,HN3,SER,P,,27
826,HN3,THR,P,H,2926
827,HN3,THR,P,,3
828,HN3,TPO,H,H,16
829,HN3,TRP,P,H,270
830,HN3,TRP,P,,1
831,HN3,TYR,P,H,804
832,HN3,TYR,P,,6
833,HN3,VAL,P,H,2544
834,HN3,VAL,P,,8
835,HZ,KCX,H,H,124
836,HZ,MLY,H,H,66
837,HZ,PHE,P,H,208622
838,HZ,PHE,P,,1466
839,HZ1,LLP,H,H,174
840,HZ1,LYS,P,H,480043
841,HZ1,LYS,P,,1984
842,HZ2,LLP,H,H,174
843,HZ2,LYS,P,H,480043
844,HZ2,LYS,P,,1984
845,HZ2,TRP,P,H,83848
846,HZ2,TRP,P,,635
847,HZ3,LYS,P,H,480043
848,HZ3,LYS,P,,1984
849,HZ3,TRP,P,H,83848
850,HZ3,TRP,P,,635
851,IN,IN,H,In,1
852,K,K,H,K,474
853,LI,LI,H,Li,14
854,MG,MG,H,Mg,3757
855,MG,MG,H,,7
856,MN,MN,H,Mn,1123
857,MN,MN,H,,3
858,N,ALA,P,N,634108
859,N,ALA,P,,2394
860,N,ARG,P,N,435552
861,N,ARG,P,,1649
862,N,ASN,P,N,370904
863,N,ASN,P,,1364
864,N,ASP,P,N,493956
865,N,ASP,P,,2117
866,N,CSD,H,N,54
867,N,CSO,H,N,220
868,N,CYS,P,N,142283
869,N,CYS,P,,542
870,N,GLN,P,N,340376
871,N,GLN,P,,1248
872,N,GLU,P,N,563542
873,N,GLU,P,,2118
874,N,GLY,P,N,618105
875,N,GLY,P,,2809
876,N,HIS,P,N,220536
877,N,HIS,P,,790
878,N,ILE,P,N,514077
879,N,ILE,P,,1791
880,N,KCX,H,N,124
881,N,LEU,P,N,834895
882,N,LEU,P,,2943
883,N,LLP,H,N,174
884,N,LYS,P,N,510073
885,N,LYS,P,,2030
886,N,MET,P,N,202608
887,N,MET,P,,817
888,N,MLY,H,N,66
889,N,MSE,H,N,1475
890,N,PCA,H,N,48
891,N,PCA,H,,1
892,N,PHE,P,N,365539
893,N,PHE,P,,1489
894,N,PRO,P,N,414089
895,N,PRO,P,,1636
896,N,PTR,H,N,314
897,N,SEP,H,N,336
898,N,SER,P,N,542946
899,N,SER,P,,2520
900,N,STA,H,,1
901,N,THR,P,N,477482
902,N,THR,P,,2250
903,N,TPO,H,N,368
904,N,TPO,H,,2
905,N,TRP,P,N,141038
906,N,TRP,P,,643
907,N,TYR,P,N,334676
908,N,TYR,P,,1427
909,N,VAL,P,N,616447
910,N,VAL,P,,2312
911,N1,LLP,H,N,174
912,ND1,HIS,P,N,219042
913,ND1,HIS,P,,789
914,ND2,ASN,P,N,368006
915,ND2,ASN,P,,1357
916,NE,ARG,P,N,424745
917,NE,ARG,P,,1626
918,NE1,TRP,P,N,140780
919,NE1,TRP,P,,642
920,NE2,GLN,P,N,333543
921,NE2,GLN,P,,1242
922,NE2,HIS,P,N,219039
923,NE2,HIS,P,,789
924,NH1,ARG,P,N,423939
925,NH1,ARG,P,,1624
926,NH2,ARG,P,N,423939
927,NH2,ARG,P,,1623
928,NI,NI,H,Ni,283
929,NZ,KCX,H,N,124
930,NZ,LLP,H,N,174
931,NZ,LYS,P,N,480055
932,NZ,LYS,P,,1999
933,NZ,MLY,H,N,66
934,O,ACE,H,O,66
935,O,ACE,H,,1
936,O,ALA,P,O,633982
937,O,ALA,P,,2394
938,O,ARG,P,O,435464
939,O,ARG,P,,1649
940,O,ASN,P,O,370872
941,O,ASN,P,,1362
942,O,ASP,P,O,493896
943,O,ASP,P,,2116
944,O,CSD,H,O,54
945,O,CSO,H,O,220
946,O,CYS,P,O,142259
947,O,CYS,P,,542
948,O,GLN,P,O,340333
949,O,GLN,P,,1248
950,O,GLU,P,O,563427
951,O,GLU,P,,2118
952,O,GLY,P,O,618019
953,O,GLY,P,,2809
954,O,HIS,P,O,220506
955,O,HIS,P,,790
956,O,HOH,H,O,4662619
957,O,HOH,H,,16033
958,O,ILE,P,O,514037
959,O,ILE,P,,1791
960,O,KCX,H,O,124
961,O,LEU,P,O,834833
962,O,LEU,P,,2943
963,O,LLP,H,O,174
964,O,LYS,P,O,509941
965,O,LYS,P,,2024
966,O,MET,P,O,202608
967,O,MET,P,,817
968,O,MLY,H,O,66
969,O,MSE,H,O,1475
970,O,PCA,H,O,48
971,O,PCA,H,,1
972,O,PHE,P,O,365525
973,O,PHE,P,,1489
974,O,PRO,P,O,414050
975,O,PRO,P,,1636
976,O,PTR,H,O,314
977,O,SEP,H,O,336
978,O,SER,P,O,542914
979,O,SER,P,,2519
980,O,STA,H,,1
981,O,THR,P,O,477454
982,O,THR,P,,2250
983,O,TPO,H,O,368
984,O,TPO,H,,2
985,O,TRP,P,O,141028
986,O,TRP,P,,643
987,O,TYR,P,O,334649
988,O,TYR,P,,1425
989,O,VAL,P,O,616429
990,O,VAL,P,,2312
991,O1,SO4,H,O,14
992,O1P,PTR,H,O,312
993,O1P,SEP,H,O,336
994,O1P,TPO,H,O,368
995,O1P,TPO,H,,2
996,O2,SO4,H,O,13
997,O2P,PTR,H,O,312
998,O2P,SEP,H,O,336
999,O2P,TPO,H,O,368
1000,O2P,TPO,H,,2
1001,O3,LLP,H,O,174
1002,O3,SO4,H,O,13
1003,O3P,PTR,H,O,312
1004,O3P,SEP,H,O,336
1005,O3P,TPO,H,O,368
1006,O3P,TPO,H,,2
1007,O4,SO4,H,O,13
1008,OD,CSO,H,O,215
1009,OD1,ASN,P,O,368019
1010,OD1,ASN,P,,1357
1011,OD1,ASP,P,O,488894
1012,OD1,ASP,P,,2112
1013,OD1,CSD,H,O,54
1014,OD2,ASP,P,O,488882
1015,OD2,ASP,P,,2111
1016,OD2,CSD,H,O,54
1017,OE,PCA,H,O,48
1018,OE,PCA,H,,1
1019,OE1,GLN,P,O,333563
1020,OE1,GLN,P,,1242
1021,OE1,GLU,P,O,546740
1022,OE1,GLU,P,,2082
1023,OE2,GLU,P,O,546725
1024,OE2,GLU,P,,2081
1025,OG,SEP,H,O,336
1026,OG,SER,P,O,539767
1027,OG,SER,P,,2515
1028,OG1,THR,P,O,475761
1029,OG1,THR,P,,2247
1030,OG1,TPO,H,O,368
1031,OG1,TPO,H,,2
1032,OH,PTR,H,O,314
1033,OH,STA,H,,1
1034,OH,TYR,P,O,333627
1035,OH,TYR,P,,1425
1036,OP1,LLP,H,O,174
1037,OP2,LLP,H,O,174
1038,OP3,LLP,H,O,174
1039,OP4,LLP,H,O,174
1040,OQ1,KCX,H,O,124
1041,OQ2,KCX,H,O,124
1042,OXT,ALA,P,O,711
1043,OXT,ALA,P,,2
1044,OXT,ARG,P,O,536
1045,OXT,ARG,P,,3
1046,OXT,ASN,P,O,637
1047,OXT,ASN,P,,2
1048,OXT,ASP,P,O,529
1049,OXT,CAS,H,O,2
1050,OXT,CMT,H,O,4
1051,OXT,CYS,P,O,281
1052,OXT,DAL,H,O,4
1053,OXT,GLN,P,O,407
1054,OXT,GLN,P,,3
1055,OXT,GLU,P,O,745
1056,OXT,GLU,P,,1
1057,OXT,GLY,P,O,502
1058,OXT,GLY,P,,12
1059,OXT,HIS,P,O,269
1060,OXT,HIS,P,,1
1061,OXT,IAS,H,O,11
1062,OXT,ILE,P,O,327
1063,OXT,LEU,P,O,1134
1064,OXT,LEU,P,,1
1065,OXT,LYS,P,O,821
1066,OXT,LYS,P,,5
1067,OXT,MET,P,O,226
1068,OXT,MET,P,,2
1069,OXT,MLY,H,O,1
1070,OXT,MSE,H,O,2
1071,OXT,PHE,P,O,1289
1072,OXT,PRO,P,O,535
1073,OXT,PRO,P,,4
1074,OXT,SER,P,O,580
1075,OXT,THR,P,O,349
1076,OXT,THR,P,,2
1077,OXT,TRP,P,O,117
1078,OXT,TYR,P,O,262
1079,OXT,TYR,P,,2
1080,OXT,VAL,P,O,561
1081,OXT,VAL,P,,2
1082,OXT,YCM,H,O,3
1083,P,LLP,H,P,174
1084,P,PTR,H,P,312
1085,P,SEP,H,P,336
1086,P,TPO,H,P,368
1087,P,TPO,H,,2
1088,RB,RB,H,Rb,3
1089,S,SO4,H,S,15
1090,SD,MET,P,S,201184
1091,SD,MET,P,,813
1092,SE,MSE,H,Se,1466
1093,SG,CSD,H,S,54
1094,SG,CSO,H,S,220
1095,SG,CYS,P,S,141955
1096,SG,CYS,P,,542
1097,SR,SR,H,Sr,2
1098,ZN,ZN,H,Zn,5213
1099,ZN,ZN,H,,52
