atom_name,molecule_name,element
1HD1,ILE,H
1HD1,LEU,H
1HD2,ASN,H
1HD2,LEU,H
1HE2,GLN,H
1HG1,ILE,H
1HG1,VAL,H
1HG2,ILE,H
1HG2,THR,H
1HG2,TPO,H
1HG2,VAL,H
1HH1,ARG,H
1HH1,MLY,H
1HH2,ARG,H
1HH2,MLY,H
2HD1,ILE,H
2HD1,LEU,H
2HD2,ASN,H
2HD2,LEU,H
2HE2,GLN,H
2HG1,ILE,H
2HG1,VAL,H
2HG2,ILE,H
2HG2,THR,H
2HG2,TPO,H
2HG2,VAL,H
2HH1,ARG,H
2HH1,MLY,H
2HH2,ARG,H
2HH2,MLY,H
3HD1,ILE,H
3HD1,LEU,H
3HD2,LEU,H
3HG1,VAL,H
3HG2,ILE,H
3HG2,THR,H
3HG2,TPO,H
3HG2,VAL,H
3HH1,MLY,H
3HH2,MLY,H
AU,AU,Au
BA,BA,Ba
C,ACE,C
C,ALA,C
C,ARG,C
C,ASN,C
C,ASP,C
C,CSD,C
C,CSO,C
C,CYS,C
C,GLN,C
C,GLU,C
C,GLY,C
C,HIS,C
C,ILE,C
C,KCX,C
C,LEU,C
C,LLP,C
C,LYS,C
C,MET,C
C,MLY,C
C,MSE,C
C,PCA,C
C,PHE,C
C,PRO,C
C,PTR,C
C,SEP,C
C,SER,C
C,THR,C
C,TPO,C
C,TRP,C
C,TYR,C
C,VAL,C
C2,LLP,C
C2',LLP,C
C3,LLP,C
C4,LLP,C
C4',LLP,C
C5,LLP,C
C5',LLP,C
C6,LLP,C
CA,ACE,C
CA,ALA,C
CA,ARG,C
CA,ASN,C
CA,ASP,C
CA,CA,Ca
CA,CAF,Ca
CA,CAS,Ca
CA,CSD,C
CA,CSO,C
CA,CYS,C
CA,GLN,C
CA,GLU,C
CA,GLY,C
CA,HIS,C
CA,ILE,C
CA,KCX,C
CA,LEU,C
CA,LLP,C
CA,LYS,C
CA,MET,C
CA,MLY,C
CA,MSE,C
CA,PCA,C
CA,PHE,C
CA,PRO,C
CA,PTR,C
CA,SEP,C
CA,SER,C
CA,THR,C
CA,TPO,C
CA,TRP,C
CA,TYR,C
CA,VAL,C
CB,ALA,C
CB,ARG,C
CB,ASN,C
CB,ASP,C
CB,CSD,C
CB,CSO,C
CB,CYS,C
CB,GLN,C
CB,GLU,C
CB,HIS,C
CB,ILE,C
CB,KCX,C
CB,LEU,C
CB,LLP,C
CB,LYS,C
CB,MET,C
CB,MLY,C
CB,MSE,C
CB,PCA,C
CB,PHE,C
CB,PRO,C
CB,PTR,C
CB,SEP,C
CB,SER,C
CB,THR,C
CB,TPO,C
CB,TRP,C
CB,TYR,C
CB,VAL,C
CD,ARG,C
CD,CD,Cd
CD,GLN,C
CD,GLU,C
CD,KCX,C
CD,LLP,C
CD,LYS,C
CD,MLY,C
CD,PCA,C
CD,PRO,C
CD1,ILE,C
CD1,LEU,C
CD1,PHE,C
CD1,PTR,C
CD1,TRP,C
CD1,TYR,C
CD2,HIS,C
CD2,LEU,C
CD2,PHE,C
CD2,PTR,C
CD2,TRP,C
CD2,TYR,C
CE,KCX,C
CE,LLP,C
CE,LYS,C
CE,MET,C
CE,MLY,C
CE,MSE,C
CE1,HIS,C
CE1,PHE,C
CE1,PTR,C
CE1,TYR,C
CE2,PHE,C
CE2,PTR,C
CE2,TRP,C
CE2,TYR,C
CE3,TRP,C
CG,ARG,C
CG,ASN,C
CG,ASP,C
CG,GLN,C
CG,GLU,C
CG,HIS,C
CG,KCX,C
CG,LEU,C
CG,LLP,C
CG,LYS,C
CG,MET,C
CG,MLY,C
CG,MSE,C
CG,PCA,C
CG,PHE,C
CG,PRO,C
CG,PTR,C
CG,TRP,C
CG,TYR,C
CG1,ILE,C
CG1,VAL,C
CG2,ILE,C
CG2,THR,C
CG2,TPO,C
CG2,VAL,C
CH1,MLY,C
CH2,MLY,C
CH2,TRP,C
CO,CO,Co
CS,CS,Cs
CU,CU,Cu
CU,CU1,Cu
CX,KCX,C
CZ,ARG,C
CZ,PHE,C
CZ,PTR,C
CZ,TYR,C
CZ2,TRP,C
CZ3,TRP,C
FE,FE,Fe
FE,FE2,Fe
GA,GA,Ga
H,ALA,H
H,ARG,H
H,ASN,H
H,ASP,H
H,CSD,H
H,CSO,H
H,CYS,H
H,GLN,H
H,GLU,H
H,GLY,H
H,HIS,H
H,ILE,H
H,KCX,H
H,LEU,H
H,LLP,H
H,LYS,H
H,MET,H
H,MLY,H
H,MSE,H
H,PHE,H
H,PTR,H
H,SEP,H
H,SER,H
H,THR,H
H,TPO,H
H,TRP,H
H,TYR,H
H,VAL,H
H21,LLP,H
H22,LLP,H
H23,LLP,H
H41,LLP,H
H42,LLP,H
H51,LLP,H
H52,LLP,H
H6,LLP,H
HA,ALA,H
HA,ARG,H
HA,ASN,H
HA,ASP,H
HA,CSD,H
HA,CSO,H
HA,CYS,H
HA,GLN,H
HA,GLU,H
HA,HIS,H
HA,ILE,H
HA,KCX,H
HA,LEU,H
HA,LLP,H
HA,LYS,H
HA,MET,H
HA,MLY,H
HA,MSE,H
HA,PCA,H
HA,PHE,H
HA,PRO,H
HA,PTR,H
HA,SEP,H
HA,SER,H
HA,THR,H
HA,TPO,H
HA,TRP,H
HA,TYR,H
HA,VAL,H
HA1,ACE,H
HA1,GLY,H
HA2,ACE,H
HA2,GLY,H
HA3,ACE,H
HB,ILE,H
HB,THR,H
HB,TPO,H
HB,VAL,H
HB1,ALA,H
HB1,ARG,H
HB1,ASN,H
HB1,ASP,H
HB1,CSD,H
HB1,CSO,H
HB1,CYS,H
HB1,GLN,H
HB1,GLU,H
HB1,HIS,H
HB1,KCX,H
HB1,LEU,H
HB1,LLP,H
HB1,LYS,H
HB1,MET,H
HB1,MLY,H
HB1,MSE,H
HB1,PCA,H
HB1,PHE,H
HB1,PRO,H
HB1,PTR,H
HB1,SEP,H
HB1,SER,H
HB1,TRP,H
HB1,TYR,H
HB2,ALA,H
HB2,ARG,H
HB2,ASN,H
HB2,ASP,H
HB2,CSD,H
HB2,CSO,H
HB2,CYS,H
HB2,GLN,H
HB2,GLU,H
HB2,HIS,H
HB2,KCX,H
HB2,LEU,H
HB2,LLP,H
HB2,LYS,H
HB2,MET,H
HB2,MLY,H
HB2,MSE,H
HB2,PCA,H
HB2,PHE,H
HB2,PRO,H
HB2,PTR,H
HB2,SEP,H
HB2,SER,H
HB2,TRP,H
HB2,TYR,H
HB3,ALA,H
HD,CSO,H
HD1,ARG,H
HD1,KCX,H
HD1,LLP,H
HD1,LYS,H
HD1,MLY,H
HD1,PHE,H
HD1,PRO,H
HD1,PTR,H
HD1,TRP,H
HD1,TYR,H
HD2,ARG,H
HD2,HIS,H
HD2,KCX,H
HD2,LLP,H
HD2,LYS,H
HD2,MLY,H
HD2,PHE,H
HD2,PRO,H
HD2,PTR,H
HD2,TYR,H
HE,ARG,H
HE1,HIS,H
HE1,KCX,H
HE1,LLP,H
HE1,LYS,H
HE1,MET,H
HE1,MLY,H
HE1,MSE,H
HE1,PHE,H
HE1,PTR,H
HE1,TRP,H
HE1,TYR,H
HE2,KCX,H
HE2,LLP,H
HE2,LYS,H
HE2,MET,H
HE2,MLY,H
HE2,MSE,H
HE2,PHE,H
HE2,PTR,H
HE2,TYR,H
HE3,MET,H
HE3,MSE,H
HE3,TRP,H
HG,CYS,H
HG,HG,Hg
HG,LEU,H
HG,SER,H
HG1,ARG,H
HG1,GLN,H
HG1,GLU,H
HG1,KCX,H
HG1,LLP,H
HG1,LYS,H
HG1,MET,H
HG1,MLY,H
HG1,MSE,H
HG1,PCA,H
HG1,PRO,H
HG1,THR,H
HG2,ARG,H
HG2,GLN,H
HG2,GLU,H
HG2,KCX,H
HG2,LLP,H
HG2,LYS,H
HG2,MET,H
HG2,MLY,H
HG2,MSE,H
HG2,PCA,H
HG2,PRO,H
HH,TYR,H
HH2,TRP,H
HN1,ALA,H
HN1,ARG,H
HN1,ASN,H
HN1,ASP,H
HN1,CYS,H
HN1,GLN,H
HN1,GLU,H
HN1,GLY,H
HN1,HIS,H
HN1,ILE,H
HN1,LEU,H
HN1,LYS,H
HN1,MET,H
HN1,MSE,H
HN1,PHE,H
HN1,PRO,H
HN1,PTR,H
HN1,SEP,H
HN1,SER,H
HN1,THR,H
HN1,TPO,H
HN1,TRP,H
HN1,TYR,H
HN1,VAL,H
HN2,ALA,H
HN2,ARG,H
HN2,ASN,H
HN2,ASP,H
HN2,CYS,H
HN2,GLN,H
HN2,GLU,H
HN2,GLY,H
HN2,HIS,H
HN2,ILE,H
HN2,LEU,H
HN2,LYS,H
HN2,MET,H
HN2,MSE,H
HN2,PHE,H
HN2,PRO,H
HN2,PTR,H
HN2,SEP,H
HN2,SER,H
HN2,THR,H
HN2,TPO,H
HN2,TRP,H
HN2,TYR,H
HN2,VAL,H
HN3,ALA,H
HN3,ARG,H
HN3,ASN,H
HN3,ASP,H
HN3,CYS,H
HN3,GLN,H
HN3,GLU,H
HN3,GLY,H
HN3,HIS,H
HN3,ILE,H
HN3,LEU,H
HN3,LYS,H
HN3,MET,H
HN3,MSE,H
HN3,PHE,H
HN3,PRO,H
HN3,PTR,H
HN3,SEP,H
HN3,SER,H
HN3,THR,H
HN3,TPO,H
HN3,TRP,H
HN3,TYR,H
HN3,VAL,H
HZ,KCX,H
HZ,MLY,H
HZ,PHE,H
HZ1,LLP,H
HZ1,LYS,H
HZ2,LLP,H
HZ2,LYS,H
HZ2,TRP,H
HZ3,LYS,H
HZ3,TRP,H
IN,IN,In
K,K,K
LI,LI,Li
MG,MG,Mg
MN,MN,Mn
N,ALA,N
N,ARG,N
N,ASN,N
N,ASP,N
N,CSD,N
N,CSO,N
N,CYS,N
N,GLN,N
N,GLU,N
N,GLY,N
N,HIS,N
N,ILE,N
N,KCX,N
N,LEU,N
N,LLP,N
N,LYS,N
N,MET,N
N,MLY,N
N,MSE,N
N,PCA,N
N,PHE,N
N,PRO,N
N,PTR,N
N,SEP,N
N,SER,N
N,THR,N
N,TPO,N
N,TRP,N
N,TYR,N
N,VAL,N
N1,LLP,N
ND1,HIS,N
ND2,ASN,N
NE,ARG,N
NE1,TRP,N
NE2,GLN,N
NE2,HIS,N
NH1,ARG,N
NH2,ARG,N
NI,NI,Ni
NZ,KCX,N
NZ,LLP,N
NZ,LYS,N
NZ,MLY,N
O,ACE,O
O,ALA,O
O,ARG,O
O,ASN,O
O,ASP,O
O,CSD,O
O,CSO,O
O,CYS,O
O,GLN,O
O,GLU,O
O,GLY,O
O,HIS,O
O,HOH,O
O,ILE,O
O,KCX,O
O,LEU,O
O,LLP,O
O,LYS,O
O,MET,O
O,MLY,O
O,MSE,O
O,PCA,O
O,PHE,O
O,PRO,O
O,PTR,O
O,SEP,O
O,SER,O
O,THR,O
O,TPO,O
O,TRP,O
O,TYR,O
O,VAL,O
O1,SO4,O
O1P,PTR,O
O1P,SEP,O
O1P,TPO,O
O2,SO4,O
O2P,PTR,O
O2P,SEP,O
O2P,TPO,O
O3,LLP,O
O3,SO4,O
O3P,PTR,O
O3P,SEP,O
O3P,TPO,O
O4,SO4,O
OD,CSO,O
OD1,ASN,O
OD1,ASP,O
OD1,CSD,O
OD2,ASP,O
OD2,CSD,O
OE,PCA,O
OE1,GLN,O
OE1,GLU,O
OE2,GLU,O
OG,SEP,O
OG,SER,O
OG1,THR,O
OG1,TPO,O
OH,PTR,O
OH,TYR,O
OP1,LLP,O
OP2,LLP,O
OP3,LLP,O
OP4,LLP,O
OQ1,KCX,O
OQ2,KCX,O
OXT,ALA,O
OXT,ARG,O
OXT,ASN,O
OXT,ASP,O
OXT,CAS,O
OXT,CMT,O
OXT,CYS,O
OXT,DAL,O
OXT,GLN,O
OXT,GLU,O
OXT,GLY,O
OXT,HIS,O
OXT,IAS,O
OXT,ILE,O
OXT,LEU,O
OXT,LYS,O
OXT,MET,O
OXT,MLY,O
OXT,MSE,O
OXT,PHE,O
OXT,PRO,O
OXT,SER,O
OXT,THR,O
OXT,TRP,O
OXT,TYR,O
OXT,VAL,O
OXT,YCM,O
P,LLP,P
P,PTR,P
P,SEP,P
P,TPO,P
RB,RB,Rb
S,SO4,S
SD,MET,S
SE,MSE,Se
SG,CSD,S
SG,CSO,S
SG,CYS,S
SR,SR,Sr
ZN,ZN,Zn
C,STA,C
CA,STA,C
CB,STA,C
CD1,STA,C
CD2,STA,C
CG,STA,C
CH,STA,C
CM,STA,C
N,STA,N
O,STA,O
OH,STA,O
